f661b85e71fd209aa2a9b0bcfcbb9d6d,1
ffcec4a7444784036bf7c7a814d4411e,22
bcf068ee5cf8a84ff6702a8898051413,0
4f09bdaeb239bf11801f03b3bd8e4cc1,22
950f5b8dec89d394498107033b7a55f3,3
4b7166f97f7bb82a22df473134b3c7e8,22
ecf629ea51c57a80f48f83e2c7e6b691,22
418f0bb7b9636cab82b4864be5812a85,0
1b2267ed22a384571c639b16542881f1,21
2b6ecae75238b2e8070ff6d01b6987a2,21
dab7a1549335c6fa8542877735adcaad,25
731dcbb8a26e4aee07739f7696a9e254,0
0e9f6cc281d949a73fbd43522b816c06,22
681944c3f95613319271e15afd5354dc,23
3c58ab62418f44c2acf5ce264f9193d7,26
a681df7d07792e026178ba3597380188,11
a66f3e0d0580da03212a44d961964aa0,0
c1993ebacbc2c8f3d7074dfc7c567fcb,11
03a4af240377b75c36fd61c37df62468,30
df108aab66d4cd66a8b99d6582dcf750,3
966bd2095d692cf7ad87e23581a2aa00,11
3530758e7d3fcf5d158dcd9ecf9ac203,30
158a0498a96bf676351f83b8540b7b76,27
bdeacec829f3c9000a543c202c5c4776,30
cc65b14ff16cf1861357a644ff212960,5
dfcd5bf126bd4efa972b6607572232e7,0
b60bc28eb62089cffcc698c4399190c5,3
9ab676e6263b9127fdbe0934435e8b2b,5
42fcc3a8d0a297f0950965074e27a44c,30
e55fe771afa0b9b64e939d3c8a2114cc,9
235f5b994b85bc77940332b8b88e4c90,7
4def04efe734d093ffc53c9a86020fa7,0
0afac5384621957461e3eeed4b5ae377,0
8dfd29066d111a453ca27de0a468b5ee,30
1db2727945de514ee43671a78f3b9b38,5
5ea6a3383396189e7109f8499275608a,0
c99bfd2e335b734d8c9bbca46ba0898b,25
c9be47f754c072b3219a50a038629a31,14
bd32388354ab09770d8f914109bcebaf,11
700a3f20e1cb2de9a795099e041f3642,5
de1313a7f63577ee9d745abcf0382cbe,10
948e141f1fe62a894a23ba81e98961a7,22
b2084f5dda6a31b7781cf74a8c497c13,18
a242c942dc8167be0699712b0da41c55,11
12ac19162f427e728c04b22229fee9fb,27
3a101d5260d81fd2abc7ae4cb2ca18bb,14
afc1d4f6a2f933da573291990950eb91,11
7ad02eb6dfb58496c240366a90134657,8
8678fd688054c965e247f83ffd244d98,0
b5738cd3c1fe72375528ee5711f405ae,22
b2b9ca99ae14cb6f7c2943dca19a27db,30
7e90197b32a9522d2649962ce4e5ef3e,5
a19b7d060b1749b141394a302ac3e909,8
a8d2fee192794295f3596614737e1322,6
a0e6940da9156c6c404f4fbf2e27e79c,23
707f50ac367bb9a1c7d916675c81aad7,4
11d439756cfa975ad4410fb55857e98e,22
c7c9f2335d97a85320944b218a0c8339,8
6c20c4d46b8ceb69b034d62104746dd9,8
8f2209fdcaad0b89f0f62b2cd7a03e00,13
b93fe1e2db8ad040437d0538f742be9f,0
fea0cef91508f65d526340599c6ea101,1
0e814582bc860e63ab16e48fe30dbe31,0
692ebc55fce37f4992ff7e7ea432b048,30
5f39e2d791099b30d1fe8ffad6ffd72c,14
83bc669c614216e606e8a0a9d3157bf4,20
f7adb806e5b4982de7ca624347ddd135,9
a148349454f02c99c6a554dea8767164,0
22324e051da1756982cee2798b7a8a25,16
b68617eead4bca70e6557248dc863917,12
9e6d7a1d63515ee5bd80246da9f77f8e,9
75bb1346d84981e2c1c9ac631827b3bb,22
a033f3106ae4916ea24544c31f53f5d7,30
02fa4192b20b37c5e86988a0fe2517ed,8
83f2bbd1e4afc3b64412410e710f6207,28
5c6ecee421bdd89aed5e9a5ff3dcac37,7
35d56622dd6cee6d69cf8fa70d835721,4
90d66c53df6f7f1d668c49b352740e59,8
d24bceb4d20619d3774691d88b4ac457,30
75840cb426a14d573601923bbb85e90b,0
ced5abe65d0fe5ffd2e533734309e72d,0
c6cbfa1dc1c583d10a8dd0977b113de5,22
542603157e8129ef0cc36277c96b4484,30
59bca32f63699f60e18fe095422598f2,7
6c4ccd35b200703f3bfb4c05da619755,4
8547af69dc968f8745109b618860f240,3
15e190e91b08dbd8b5480047efc86f40,4
f87261cccda02066a53c8bebb02f9489,10
74b32677c7c736de8e6c50d57dc9088c,30
d0fad45fb33f19a2f8d2631e8fa047ec,13
a2f12cd1baebc152a3a2092bf9d911d2,25
34e69c6de3a5325caaf8be5847e0041d,24
9a6509149be783271c52902120aca1e1,30
f9b3ffa55a63c6cd0b46f8f49e5167c6,26
7b8cb8710c26c570b694ea1ea04a671c,21
6b5bfe9ed8d382b102a462ec78d42269,5
0f2e7e8a227f64ea2352ca8b290815be,23
41061b7d25c4ab5c5c9759e557af738a,0
956d43ebec0d22bda1371291889101f5,11
dd1de819863034dfc7cb648b3557c7b9,4
0f5183ac564c930fb7d958da5130cb62,30
8a88d68917572b994ca84657a0b6dd03,0
57270fc58cee11a3e35905b0b68d4473,30
defe1fe3ffb5e748f45792e503113a49,0
3d87f272ea61defa35bab5215e8e8579,3
4dc813c6f91581bdf69be476526250be,7
bf454edb9a928a80e69a87b195b45d38,29
45db0a9b5365d19c9b226cd2ca9b65b0,19
50d28f5ed3a33ce810f96b8b0a4598ca,30
6c88c9cf2bf574e1cfe160b021c09274,0
6407ba07909b87a093a9c1fe96d6b670,30
a21574c3e58d4dd7eb03eb5749e3995b,17
a1559a51476831e74c55f76586532c70,22
1571e9e3e5dbc114759b3d5744cc810c,8
a780027ccdd24568cae12a3dab3c25cc,10
8be7a857e5dc29c619ce2dc4bbcfbfa8,0
43a71833217475bf1731b063b86db78e,17
3b6f8cf1ea82dd1504dd778df9faea7d,30
5cdd9bfeb3236458e0132d750ca9b6ae,0
1113439d461e0e43a9bd84ede0131554,30
412320b1f2fbd54f40c078a9e91d02ed,0
336a4aac2aa39d1a23945393b084249c,0
3ae5938fc32e1ef7bb70aefe650c1861,23
57d2d8ab6790fae64a1b213b6693e5a8,9
ddb88d4919ba1757659e27ea25978de1,4
69c35459b8528eeac84fadadc56c5a03,4
74f428834751dbc8c56f66d146410667,0
e693de883de3bb6ec4eafafe2b225b38,6
df02f3075618fb48c062e0c2efcf7268,7
282ef207115810c91a6708dd1522ebdd,0
e7bd8f051f8657c9dab12a96d780e150,24
b6266289ff1480ba58e20ef5337f3361,10
e878a8f4092f4deac9171b60ce044ccb,1
09a8564e4f4d19fc148903adb4e2bd94,23
2d4e1fc5f8e18407697be741ea4598d7,15
7314eb2541d41d644b4c2abab5c7043a,15
11937ffb399dfb45a15222b74914821c,5
admin,0
66adb25f9a57c9e23ec4e0e82d3248da,30
e1c1559c3e45d96403d1c6c2e587eb40,30
514413f462218203ca7be9a5c238aacb,1
0a46ab0a8f7fe7317df0e2bdff668681,10
285975646cf18b1c3770b8fe214e199a,5
82b078a4ecf531ab2000dfd33df50146,0
83c72e1b1d8e8212ff11fceffd614e86,0
5545f2773b2dd8c59ee94d892ce36cf2,0
a1d2aa8bd32daa8925ab8a88d6114c0e,5
5157dd934957630da16aea9e500415cb,4
f362508d100ca3ade34cffe88cf2b8b1,4
fa4c0b5b64eb24143be22788567cf3e4,0
01ffb6af166d32e2e2dacf90affecf40,18
5624eb64b08459d8164a5237b1141b54,6
ac6fee3c5b1249a474f40a323c60a6e2,9
6c74231544a46c0bcb23af36908b6822,4
d2a3ec276daf0377bdd8a11cd1cad9f1,30
55624499e1ebbe8dfefbb5f5fb5a2d58,30
56d1ed3584355466e827d11fa687c8e9,0
9952fd2dba96c00d97b1da8512af95f2,1
74d48457a04eb1a77c22f7d1efa54553,10
3f41c904ad21bd77b387818412509c99,3
b56bd0ebeb77863034a9a365ea67e3c9,7
9a598ce9874180344beacfd432fc3cec,4
f3753d6cfdc9650ad3f755365f253038,21
2d17620b07b4874f92360c5ce9ffd5ef,5
fcf3fd36230fd4e96242f6fb6074eed7,30
043d65c02de495c96ca0dbb7a9f74480,6
ceec0836c22f509b26be0fe94fe692f7,25
a8223bd7eba07b781fe5a9acb1dbff6e,7
8b07b822b80d480dbb2119e333dde8c8,17
fdc1c9d26af48828311d55a5e7151d72,4
2ef62d43a85c9d485c23d5eecc03f0c4,23
26c2cd0c85bc327157d5c874bc950e69,10
34eda096866c9581424019a070bdfa35,11
b50eca10b6201db30dccf95760861fed,9
d8487b1f710dfd2cf9eed76339f3f1bc,23
861817a55f573806b9686213a4fc5fcf,10
7f61a79a669e09072b02e65303f75303,4
c7e4c8e65bc304c753cb1e7628a5aa25,2
efa17ffe9abf46d1d805c0568234f2ec,11
a6d95f2cd4c488fcdf759746bdd650d9,2
34b1f3d5555428c8eee5c5ccdd19be1f,21
457192e810ee33dd6e8ef6cb7c04d327,3
633ecf036de55d0b72fdc1b4dd7488ff,4
6ddd5892c0cfead82d1433b9eecbb833,0
01ea676365990e81a5d1bbc989fde78f,15
ed2f5ba13fd64bedc5789fc6b8715008,30
fc75913c78775b48cf3c3c076f3478d1,14
21007e2d366aff6760a0aa0672bd5518,14
806f50ee974523080b877774c27f71fd,2
11a83cf35688d76a55ba62ae23b6c8d5,0
77db85da0a417d0f0969b840c50ff5a2,14
5f6a3d738287e938a17335eed84a68b0,25
8bacfc9ce92dc374cc7358ff080429c1,30
f001e989f5b2d7833569657db6c5e79b,7
693b4a6329129b6f72cd1502db2ee5eb,11
9633d7b9e6b9fb331f4318831f2f2a24,5
630855fd480c994ce5c2ad457703b508,30
c558955d1b5dd96ed9c316d3ea2afe51,24
667883cfcd1bc2c7cf751287ec8733b9,0
339084d2f88a1fbd895de2a36a0504b2,0
d5c9c0a71d3f1c1ec71d2ea1110866c8,0
0baab2d91d68bcab0455074c8f08a792,9
bce0a7f1b9fe4c247872244095ddf83b,21
b31e374614ef9606d87510508b4f9694,21
c70ec6d3293ef5b2e9e14e1bbf264ee7,23
87c39323b6db6fbf147ca76a041b482c,0
c89f9960af519f7f5a4d11e58dc9d040,21
571dcf01ea547330dea9e6eb85ee3610,0
3961c90bc0adcd9b7389f419f50fd793,22
8345249ca8da5beed174e284a2ee2238,4
6127148e1aba09f5a3304439b7f34e4a,21
308af56b2baada660cb1012640d0792d,13
797ac7fd8a4159922b81520b5da7d14b,3
a0997dfc3cda3c7c12bc2af70ac44b1a,0
tt09888888,2
test38655,0
7f2e422405fae7451c7ac19c58d1dd5c,2
test38654,7
f8ebe6752375caa4478f56dbbe392797,9
10186707ff7f5d7626c29bd9ac2fd650,30
23949d5571b5e55a76f7fa627385ac5e,0
3c9370761837de2c82763494f3d318c0,10
e2996c34af846637248237d787f2e8a5,7
c0fb59f0665eb94ad7dfe2c11e328cef,21
27fa5f6f51270fc0a93e24c734243afe,11
9bbb52f973b36b971eb48afc50f4e453,30
bfc65c297bf39fb1ec250afbf3b86a97,30
cf99ffb81d1e53de5d31baf8e511feb2,7
795ddbe5ce35f95fc250b389cdc27796,15
878cccc1215bd7c9757a6632f2267779,6
875f13b335569b491e065159288af766,12
b782d2f8dfb653245bd9574517aa1dbb,0
8ad3b1169cc0e0b78dfe3a7ce083ed9b,7
fff7e902203173e4fb1fb81cbee4a550,30
4bfa4929ae87539df3a1b85c91107e17,2
456d2b3fb59d4b4aff7a39cf91f7fd8b,0
90b09f26c556ab8851ce3176bff63ff8,9
b022a16e4ebe2c3fb041c999b37eafad,0
ec26f834822a593e07b06655b40f0bf4,7
a0c3a799e30e3eb25cb4b1cb97751369,15
c136f41fd86015b49757ced46ab52e5c,25
b23918663f6b36403af6a4a5b404f182,3
1b512b14409972afcc954c0a41e9a387,0
678e0a79b2e68c857678a0706391f761,0
9739a20eda926e2bb9f358aec33d6d77,0
b3018190fc51d38180ac80bcbcaa9580,3
50d730dec332b725eff72f912cad9b4b,0
db169681078b4b592681b4791b195175,5
462db8bbf6a260e5b76fb100f7ece573,14
5a0960e8cee7f50420153355c4a59f19,6
b038ec4b4cbc9661b74bfcd0bf1dcad2,3
2b08e47989bae8afb89268c96c555832,4
87432440fe3bb4ddd30776546f19e061,30
cef3f04d4a65b19d73156e900801da9d,14
14e54a49fb576f5caf3cdb6b978a107f,24
6ada836bc17de8e58473e33867a82d18,11
44c43b9f8cbd1556b7bbff7782301043,0
e8e98fc3929fe57674568d7081867968,25
3f658bf1474ad066b6cbd3e69eac3c69,22
53e053506cae2b409ed526271c8db0b6,0
0660fc069748fbb15521dd8aa5364561,27
aed372bc9da35b6799e823c413d8e5c3,7
32ce9ca5b8c513d26dd3a16e108a5b97,0
90953239944259b9418589c3ee078961,2
1a56e037aff0a9f1261036f1f42c5592,30
6d74a8801603b877112243f9ebe9117f,0
b399508e4c6e90f5f7fed3a2fbf73b6c,0
e67dfddd04b748f05eb434bf13365c6f,0
9b840a0652e95ef17bc333def2f5ca63,7
160ecc7150b724a657eecb739d5c2f93,11
065891b2eb8b940128a09d78467c66e0,4
7a0a85d9eac225ee71e256baeaee11fb,10
test67676865,3
20d294683916419216455a9da7190745,22
b821e4ae8e9e775da3fddce74bb2073a,4
b8a6b8a0d0a0a9491dba69cf91de297f,25
28c6c59042fed8f7346d2cb9c9c7007d,3
176f86910ccc75369f1c76caca3731d6,3
c7e4d0288e70ee4ef87f7a1cdaf88670,30
7a9d77252816896e8fd319ae07667737,3
44a4a9a0633f10c5c15dff00b05b832b,2
54fce7966ab49ba5c23375616830d02a,30
d7b09163f59cfbc6c1bae35884bbdd2b,23
0b72d185ca7a043475c4527c2f538df6,26
b86142d39bb46739ba8745db51b421c3,7
4eb865bec8f6eda08129b3bd7bc9b138,22
7cf8a084cb162d09dc4a235ceded2aa1,30
0094e4f157bc4de446b3e435f94f37c5,23
e579ee9e79523ec288f443b7b81a5d34,10
46a3c0c3b813e17bc0234feecdb0f505,17
f4630fcbd892577b1b29fd9fb43cddc5,22
c2db621a973a0648e1e31d6c4e9a0f1f,6
0ccee346fe93d47577a126e8a0487a49,4
40ba2ef3ac0ce7112cc0831e388ef06f,7
35786eae096a950eaac7feb58571c74c,4
3627a4798db690d6cf7895fc255db046,30
69055e7aa29db87b17dfc03e1468542f,29
7763d236d198dd5f07ee4a2732bcc6f6,18
432e356b6fce06f9592462fef8ecddfe,5
8c8389c796e14348cc7e0d9039761a1e,0
dca09232eb131e59d66d8ccdb27a547d,21
433f54cb79bfaf3c4ccbc1d4cc4794db,30
a44ec262325928b76e1b146d60c91e1e,30
6596287b2cabe26406746e32dacfb8b4,11
04d2a8a23185df3a850285a722437909,23
ffcca764e252c3ef7eb0a1d240fafe93,30
db54b122b9527fdc3042b4f736f73f34,26
84d11ca2e8a63a6830e59177042a83ee,4
64f06b3f160cd3b71346fec3a26a9389,25
9f0970fdc9806fade748dba5672e082f,8
a8917a5fe33a200aee3c90465548c28f,30
f56c0bc914205031383af7665687d98c,13
46542cc62a0cbb4afabd1c731c79498c,28
3d0e945cf7375a18d197046c946e164a,11
d539065b605d286400370527f32e55b2,11
5bd9238bc222471e443faf73c30764d4,30
8abf362b7b4dee902a40eca4bbc59a99,5
5f4db59ac72d2c887a43435dbd386e4a,30
fc5a98244456dbbf87619836f81690a4,21
83046d4eac67beb0582ddca5bfffe57b,0
vorstellung,0
f3e266ccd646fab297c4c7cf97dbdf92,3
d6e138afcc392f76f87207b5c738d8f6,9
df8da7d3acc86e55a6275ff215dcf925,30
c72220f854a4dfc789266091a4fc2d83,30
d1d48697a5a60501080090f7368da461,30
f3d56d196e85a56b715bdf1bf6c4d87f,21
test00000001,0
12cecf347036e4914ea1155be5ee307c,2
418c239766e17a9ad9bc55e4a66d17ad,25
49a83fd03111cb2e9d6c2faa2354f4de,30
b72d23871a3acf6993818d17ba064cf8,0
8bb045ab22b08de43358e36251b9d8a2,5
0cd91ee415bec5a2b504267d6540f0be,0
e7ee9045f37e1eabf4d08e860b131d15,26
590b3ff428c6c1bbb3e583080c97c7f7,8
4ede6b62480834acc8c572a080ebfa78,0
6a6b66edea6ffc42ba1288eb3580e68d,22
ca040e1cb0fac6233723c2aa1bd4e667,21
5f6350bfb9291de3015b4367365d7fe8,7
cad5c48045e30bc3d5140f4f2fb24869,7
5f7687e439725c10f4a8038958d97aab,23
caf859d6a2d901cc33a659b7cb5a2080,7
0504fdc2bcb81a587281bba81704fa70,24
9ecd461330f3b38e7604e15ad1464cc6,30
eca864d44f19f2f7e63f22fbcda6c087,7
cbe233bf1861c81fb868ddd75843044e,23
64b38e28713cb9b729b3786ace39992f,13
b6413db6aa651d77ecfd4924d0e87a9b,7
7f138b28f550b25459a3181ae34c4eec,30
421cf1b24d98750cff9ef4a0f856ec33,4
7507cb4b838d40d859636b48cbafc4f9,11
8c814843e4fbe95e91c1f76f4bf3f382,8
29873968576d8548b3cd79929f5f3edb,6
e4f828d332ba6021dca49704a3ee9356,30
a7226d82b79f4625439dad17b22146b3,0
507257ce251071a261e4bda4c15ccadc,3
093ba7904cad32e6295c86f6b3626368,29
2e305121a5d834ee165d0d28b523a224,3
bf0726cc39e3c5b8b648429656501749,22
10a1732ce8c39f864a77f08a97ba284a,23
66c1f3d01bdd89e774156a938c6a132b,26
00337054696414f0fa3df571498867e0,22
f3c3ed0450c3ac3c761ded01b8a476c6,30
1dd6514a6b035904aeeff24cfcb36288,23
0e09b52a0f4bf43f1afee47c5812436f,30
059a0b05ee3c9de93069cc981804e263,21
72bbd90c9893c7eb1f544f200742933d,30
7bb84c2a5d7f9aa84c0c933b30ffff91,16
70c384cb4d7ccf7e48477e6b8a92e0e3,21
31d27358162a16fae00f393064654577,21
4670598d7db94a4996920d20d3ca6411,22
783c8900b0517e475ffdfa0db0d036d0,21
2da24590c24b8ed676b0d0a85a9c0618,18
10673e35e61f8904944653ebdf87b151,21
69c75111bc9edc8b7773ed939f2557f9,22
8903442e04069f6479d6ca9376786794,7
1b5e08e01ebdf4d0afa4798cd414d2ac,30
ef09e67a86b9415b7c8d8fa470e94b48,30
98c03e0b659f87931ecab443edba09cb,30
9cf4a2604923be2ce512e3546c98467a,24
89a273ee0d26444f30f1c2aa5f7b8213,4
ee366c082c8465a09bf9c7c7ce78191d,23
750ee6995e3a11f20f3a80f880402b5c,30
3701a3d554724eb05b07daff290ea940,21
924ed31186c5692e505ab7cbab40b686,22
91262bab93a001f729571022720cbae2,25
9b27d10d17113e9df936ab8711f18339,1
874c3d6f63d83fdde33246c0d6edbba4,7
8f5c583831f10de35a3e171961b3834d,1
f7954b7f3f643d1f792eb420bbca0a8c,22
ed68723008a9e5f75310a9d8c0394245,21
f7921da60bd0142a28859139781cc44c,22
4e09a9092d539179a86018de4007c0e5,23
f9a825ccb348c1fa6ab82ecc8648fd49,23
4f15258c4c5c603c0ffae6f44997c84b,30
dd0dd0fb864b557919077c361c7e5bb4,0
eae519a72bad32376e7a59a681f64661,21
88440439f1e9eb5166292cfea57a0f39,22
5b85c402f29437b89483be7d94d46fc7,9
e4751c6597404570d7da3df88bd420d2,30
8804e86e5542eca71468ee7b41c6cf4b,30
3dd06639bc0835f9093389d326d5351f,30
4ca54e635fd7483fb64045198c20485c,21
0e83dd68809745386d724f471a0847ed,3
5c4ede807fedbb1e7600abaf8205434c,30
dd3814cd9c17aa54fef085fc91065fa7,27
372bcf81effeeb683efe75f272ccda05,4
e1a75defe9fee30398cfb1e9cf96aae1,21
8be7543ed4f1fa56cdc205dc6397bab7,23
bd5746bfcc2fb9c6ae11ec8ca5bfddae,21
71e918511490dcd7af01a321942bb096,22
9e2b75ce11b8e9b7be61e0f46fb2ba51,22
3ad0417495f0fa872c96e57a4e2236a3,21
1c938502b0e9e73ceba619d2977fda29,23
5ef523225579f5f31c01d245b64ecf28,22
786bdb42b5ebc70f8c7056040174bd11,30
bc671dfca0407e221ac49b489c0843b7,22
e2c6e27daafb75a37d24a171e3e98f50,24
973554f5a92f5c5510bac4405954e1bf,22
960ea58dd274ee3223e728b5f0f85354,21
9bc094d5a514ace72d2843f3b7cc8f45,30
9f922b9d57600b92fa13572cf593304f,30
ec06a138dda81ef47a16a2a28d401e4e,21
31d0ba34787905d9ce218390904dd708,20
da24090eb4ff37507e1c49b6007594bb,22
7a66419ea5bf4d7f3536866d4057aa13,22
3c00bf0d7e5019a5ca48b2e654a3faba,21
6fd36201b315815a26d32f4a2036c2f6,30
2dd6b81ac04ec1d24b424ba32339f363,22
afe3a2131680fef0f4b5cd7a09ef50a1,4
03376c5decfed5fa19577eeea173b516,15
91cbceddfaa22eaf0a5b0f084d513407,27
c0c8afc5307da939b812fddb425bb849,22
c411b4b22ce27813631339bd8a6846d9,21
4434b661de905f80a71ca41da5bd26a5,23
83860649a43aea9518b3f8bcb026efe2,28
b0c0ca97a797a83216b34425ff66a840,30
5ef599f060da45f57fdd8f8c986ff40c,23
8ae01c7ac4cdf85d1bfbfcf6b7884ff3,23
a81c4f7c4ab2e3028275ee44c9a7a255,25
972a595eae2c7bfaca90061c3bf5c27c,30
30c75683ace8e09eac9fabe6457e6896,24
6b558c2be5ac293d27db55fe7e25c6d7,23
3804562f1bb1e8c546e3291ea17a4740,30
16674d8a69a91a63139ac7c5e211fc30,23
57dc39e6b1ec4ea34f6de4c3fe464582,30
0db3aafaa9bcfed2442c5154cb01e910,30
3715c34e88c9a018223d8629f560aad6,26
ac233af76bc0eaa2ad80e3919fa8a7c1,21
d029561231dab1ec6f8bb3c1e0afdea0,30
f79e4cfb38c34b78fadbb04cc5c56fb9,3
d1709a9102977603ecd1e502b11a0e8a,21
7df6b7df727352570199068c8d8641f7,23
a344aae786bb9afba97a6c813d3b9d2b,28
8273956f6235a5578e5bf6cc3af12410,30
2e462431fa47f9a510a69a6aabe5d7d0,23
a68e76859e334e14294696b9e8c16ceb,21
34f58a491f12aab2da6418f8a2bac059,27
74da7b9b1fc78a877346d9a049d72ec6,30
678bb6ccddc637960790192949b97ee4,0
2f9bf5d22b1f171b417e6e2b43f94783,30
cc7b78cce482e443d10955e1cb192375,24
3d9c9da6a83a9bfe196e699ca9eba2e6,21
0212f13a6eadf77554dc2000840b21cd,23
170cf36d5484f9a13fcfeb5b5d3ff053,17
8cadafe6c7a5cb824915c7561791c976,30
cce2168a2fa7ecd21fa434265191f0fa,30
513613258f137850722a981b2031e208,11
53557dfd5870e120c06c0cf970567919,30
a64a66ba964003a9f2edba52b95c1b36,14
013eb35dfae37446b227fb38556aa8e9,5
9ad1d9bff7cb070c320b3a2305f0e4fa,22
305ba6aa1c3bf3b539333a096cead436,21
d9163b5264189de7af8704e7e29eb8f9,30
06054fc799520966004dd7e016a57464,21
25ae80ecb3e48b2f8bf4818057870d52,23
85f496ad26df97aa72421671baa7628b,30
8185a45fdda3bf1d2536108a249c1fcb,22
b98b00b4b1f5437b7aa4b1de8c58c05f,2
7f5b3851f9b39d13a0ab82bf777cfc86,18
515a50e8da61f442d0ce2349f3504714,30
4c0ba08fdc3554fd0f62d5abf6841b0f,23
f71e2853a115d00b31f502446e5728b2,30
0ce971aa86408ad241066a539651aa2c,30
bcb32dc9846a0a78c1a1260f879ab3dc,13
6e394b23101bed03234b4e4114ce8a3d,30
f1040dd017877fab55c9c63861183401,30
233bb0eab62a3800a7a51cfe23fa4364,30
86c1840d0f404dbd08884ba0f10c6b7f,22
647b15fabae4d6cccde4b3f70bbd7bf8,30
603e84da522dcae1e3e016a3ecb74265,23
238edcdd307d27e772c8d89d1c8383eb,23
20e3badd67e7abbbd89ffd3ba5f43ce2,4
faa16ad99cb83f6e1cb82462d90e2958,21
4d4c83f0bddba74a1e6e2d0906f26d04,21
30396004f87ae91fb132f34f5db6f308,30
dfa785738c8f614c4f2da8fe3009c15d,21
65bb92ca7d2c74ba0c118635e752297f,30
48aa1ffaa93ae4fcfcf772d407aac95b,4
61cab15fb6edee0f7e64c9bc959a67b2,17
67a7ba79d4f3c73e77680830b5b7bfbb,30
20fa586090985e123297d74a086d530f,22
5f2d68efe7ab5887c292151c2ad4b5be,30
6b2e10c8255b1d1fd00f6a1596d44443,30
92a0408d99f3218f73d53b654b84d8f1,17
7b4fedbb0009f2764cbf0cff1f0cc6f7,30
b9bc8c1d43f81d5847365f92874e4150,21
cb42e7d9837c63b30f7c8dcd41f17d24,4
00739a2052d60a9957a358c79273f389,24
eb563cb059c3c693d0458910995926d0,30
test090909,0
d956e969044d38503c5de00262337d15,21
b90fe9c37a6f7157052008556173c602,16
tester_01,0
42e8c2dc376d4b31d4e5ffef6d1c28ec,5
183d5df5ea7caaa4668315c9233882eb,16
a7b30733efc4aef0ff59b402e7a47e7e,0
58e5e5eb899beb3b57084991c6157219,11
4f2d90e725bc0258e34bd710b97a8aff,28
9dafc44d670ffbf1b3c30cea4c182767,30
6e0492e31be2f6a03c4fc89b00e8af1a,14
a5d8673e5e83d89ac0856e4a65edddf7,22
test90909090,0
83f67105e5a106f2dd806ac320c790db,3
1482de356b9e173c37282a0ae54da6b0,0
c74a2c10f6f00721e78bee9053621c05,13
5e54d04ca1b4f13575e495b474203700,3
4fdcc82a61ebc6fbbf61ec8ddb7b976b,30
8f1a7784e21e85b71ebec888c98a9b58,22
590f4e1ee599798b3c090666d2452aaf,30
6b3fe64e5615c20e9fe50b80678721c9,30
28d5ae8930fc68f5ffda82dd9c1e004e,30
